timestamp,scenario,ground_truth,probability,prediction,correct,elapsed_ms,packet_count
2026-05-12 17:11:25,reject_3,0,0.003174,0,1,1360.97,8
2026-05-12 17:12:03,reject_3,0,0.003102,0,1,75.88,8
2026-05-12 17:12:11,reject_3,0,0.003146,0,1,68.3,8
2026-05-12 17:12:19,reject_3,0,0.003144,0,1,68.04,8
2026-05-12 17:12:27,reject_3,0,0.003231,0,1,66.79,8
2026-05-12 17:12:38,reject_3,0,0.003306,0,1,71.7,8
2026-05-12 17:12:51,reject_3,0,0.003095,0,1,65.82,8
2026-05-12 17:13:02,reject_3,0,0.00321,0,1,67.83,8
2026-05-12 17:13:08,reject_3,0,0.003152,0,1,67.56,8
2026-05-12 17:13:15,reject_3,0,0.003286,0,1,67.21,8
2026-05-12 17:13:23,reject_3,0,0.003147,0,1,68.08,8
2026-05-12 17:13:35,reject_3,0,0.003119,0,1,72.11,8
2026-05-12 17:13:47,reject_3,0,0.003231,0,1,68.18,8
2026-05-12 17:13:59,reject_3,0,0.003063,0,1,71.32,8
2026-05-12 17:14:04,reject_3,0,0.003185,0,1,65.5,8
2026-05-12 17:14:14,reject_3,0,0.003093,0,1,190.4,8
2026-05-12 17:14:20,reject_3,0,0.003153,0,1,66.85,8
2026-05-12 17:14:27,reject_3,0,0.003196,0,1,66.65,8
2026-05-12 17:14:36,reject_3,0,0.00309,0,1,70.1,8
2026-05-12 17:20:47,reject_6,0,0.002542,0,1,99.79,8
2026-05-12 17:21:03,reject_6,0,0.002557,0,1,94.35,8
2026-05-12 17:21:16,reject_6,0,0.002649,0,1,86.25,8
2026-05-12 17:21:24,reject_6,0,0.002571,0,1,76.44,8
2026-05-12 17:21:34,reject_6,0,0.002578,0,1,96.45,8
2026-05-12 17:21:40,reject_6,0,0.002548,0,1,93.55,8
2026-05-12 17:21:47,reject_6,0,0.002556,0,1,79.66,8
2026-05-12 17:21:56,reject_6,0,0.002599,0,1,81.35,8
2026-05-12 17:22:03,reject_6,0,0.002559,0,1,80.91,8
2026-05-12 17:22:11,reject_6,0,0.002576,0,1,82.85,8
2026-05-12 17:22:23,reject_6,0,0.002547,0,1,266.43,8
2026-05-12 17:22:36,reject_6,0,0.0026,0,1,95.22,8
2026-05-12 17:22:47,reject_6,0,0.002514,0,1,88.7,8
2026-05-12 17:22:53,reject_6,0,0.002561,0,1,94.14,8
2026-05-12 17:23:11,reject_6,0,0.002643,0,1,108.73,8
2026-05-12 17:23:17,reject_6,0,0.002509,0,1,102.15,8
2026-05-12 17:25:27,reject_7,1,0.002563,0,0,108.95,8
2026-05-12 17:27:11,reject_7,1,0.999999,1,1,98.61,8
2026-05-12 17:27:21,reject_7,1,0.999999,1,1,77.72,8
2026-05-12 17:27:29,reject_7,1,0.999999,1,1,81.51,8
2026-05-12 17:27:38,reject_7,1,0.999999,1,1,104.32,8
2026-05-12 17:27:44,reject_7,1,0.999999,1,1,94.92,8
2026-05-12 17:27:54,reject_7,1,0.999999,1,1,83,8
2026-05-12 17:28:01,reject_7,1,0.999999,1,1,100.73,8
2026-05-12 17:28:05,reject_7,1,0.999999,1,1,99.78,8
2026-05-12 17:28:16,reject_7,1,0.999999,1,1,84.41,8
2026-05-12 17:28:25,reject_7,1,0.999999,1,1,97.81,8
2026-05-12 17:28:34,reject_7,1,0.999999,1,1,241.38,8
2026-05-12 17:28:41,reject_7,1,0.999998,1,1,100.75,7
2026-05-12 17:28:49,reject_7,1,0.999999,1,1,80.68,8
2026-05-12 17:28:58,reject_7,1,0.999999,1,1,93.54,8
2026-05-12 17:29:04,reject_7,1,0.999999,1,1,83.57,8
2026-05-12 17:29:14,reject_7,1,0.999999,1,1,74.78,8
2026-05-12 17:29:20,reject_7,1,0.999999,1,1,86.29,8
2026-05-12 17:29:30,reject_7,1,0.999999,1,1,81.62,8
2026-05-12 17:29:38,reject_7,1,0.999999,1,1,77.83,8
2026-05-12 17:29:43,reject_7,1,0.999999,1,1,83.56,8
2026-05-12 17:31:21,reject_9,0,0.000155,0,1,73.94,8
2026-05-12 17:31:26,reject_9,0,0.000157,0,1,82.78,8
2026-05-12 17:31:35,reject_9,0,0.000156,0,1,74.45,8
2026-05-12 17:31:42,reject_9,0,0.000158,0,1,73.94,8
2026-05-12 17:31:49,reject_9,0,0.000154,0,1,86.41,8
2026-05-12 17:31:58,reject_9,0,0.000159,0,1,79.69,8
2026-05-12 17:32:07,reject_9,0,0.000155,0,1,72.39,8
2026-05-12 17:32:16,reject_9,0,0.000162,0,1,72.08,8
2026-05-12 17:32:22,reject_9,0,0.000155,0,1,75.88,8
2026-05-12 17:32:30,reject_9,0,0.000156,0,1,87.05,8
2026-05-12 17:32:38,reject_9,0,0.000155,0,1,102.53,8
2026-05-12 17:32:46,reject_9,0,0.000159,0,1,86,8
2026-05-12 17:32:54,reject_9,0,0.000159,0,1,81.42,8
2026-05-12 17:33:02,reject_9,0,0.000159,0,1,84.74,8
2026-05-12 17:33:12,reject_9,0,0.00016,0,1,202.59,8
2026-05-12 17:33:20,reject_9,0,0.000159,0,1,70.41,8
2026-05-12 17:33:27,reject_9,0,0.000157,0,1,80.1,8
2026-05-12 17:33:36,reject_9,0,0.000159,0,1,83.64,8
2026-05-12 17:33:42,reject_9,0,0.000159,0,1,85.3,8
2026-05-12 17:33:51,reject_9,0,0.000158,0,1,90.07,8
2026-05-12 17:35:25,reject_10,0,0.000793,0,1,74.3,8
2026-05-12 17:35:34,reject_10,0,0.000813,0,1,70.36,8
2026-05-12 17:35:41,reject_10,0,0.000773,0,1,70.05,8
2026-05-12 17:35:50,reject_10,0,0.000781,0,1,74.59,8
2026-05-12 17:35:58,reject_10,0,0.000779,0,1,78.97,8
2026-05-12 17:36:06,reject_10,0,0.000805,0,1,78.73,8
2026-05-12 17:36:14,reject_10,0,0.000804,0,1,76.3,8
2026-05-12 17:36:20,reject_10,0,0.000809,0,1,92.17,8
2026-05-12 17:36:30,reject_10,0,0.000798,0,1,81.88,8
2026-05-12 17:36:38,reject_10,0,0.000817,0,1,73.43,8
2026-05-12 17:36:47,reject_10,0,0.000785,0,1,208.67,8
2026-05-12 17:36:52,reject_10,0,0.000785,0,1,86.81,8
2026-05-12 17:37:01,reject_10,0,0.000783,0,1,72.94,8
2026-05-12 17:37:09,reject_10,0,0.000801,0,1,82.02,8
2026-05-12 17:37:18,reject_10,0,0.000783,0,1,76.95,8
2026-05-12 17:37:25,reject_10,0,0.000785,0,1,85.17,8
2026-05-12 17:37:32,reject_10,0,0.000788,0,1,92.4,8
2026-05-12 17:37:41,reject_10,0,0.000792,0,1,71.46,8
2026-05-12 17:37:49,reject_10,0,0.000784,0,1,79.01,8
2026-05-12 17:37:58,reject_10,0,0.000794,0,1,81.09,8
2026-05-12 17:38:55,reject_11,1,0.999997,1,1,69.77,8
2026-05-12 17:39:03,reject_11,1,0.999997,1,1,71.87,8
2026-05-12 17:39:11,reject_11,1,0.999997,1,1,72.96,8
2026-05-12 17:39:19,reject_11,1,0.999994,1,1,81.1,7
2026-05-12 17:39:35,reject_11,1,0.999997,1,1,77.71,8
2026-05-12 17:39:43,reject_11,1,0.999997,1,1,74.8,8
2026-05-12 17:39:52,reject_11,1,0.999997,1,1,75.3,8
2026-05-12 17:39:59,reject_11,1,0.999997,1,1,71.59,8
2026-05-12 17:40:08,reject_11,1,0.999997,1,1,68.98,8
2026-05-12 17:40:15,reject_11,1,0.999997,1,1,70.91,8
2026-05-12 17:40:23,reject_11,1,0.999997,1,1,179.63,8
2026-05-12 17:40:32,reject_11,1,0.999997,1,1,71.5,8
2026-05-12 17:40:41,reject_11,1,0.999997,1,1,71.45,8
2026-05-12 17:40:48,reject_11,1,0.999997,1,1,71.37,8
2026-05-12 17:40:57,reject_11,1,0.999997,1,1,70.97,8
2026-05-12 17:41:06,reject_11,1,0.999997,1,1,71.02,8
2026-05-12 17:41:13,reject_11,1,0.999997,1,1,70.12,8
2026-05-12 17:41:21,reject_11,1,0.999997,1,1,68,8
2026-05-12 17:41:29,reject_11,1,0.999997,1,1,81.13,8
2026-05-12 17:43:24,reject_12,0,0.000087,0,1,73.72,8
2026-05-12 17:43:33,reject_12,0,0.000086,0,1,67.1,8
2026-05-12 17:43:40,reject_12,0,0.000067,0,1,72.68,7
2026-05-12 17:43:48,reject_12,0,0.000088,0,1,89.19,8
2026-05-12 17:43:56,reject_12,0,0.000086,0,1,69.76,8
2026-05-12 17:44:04,reject_12,0,0.000086,0,1,75.18,8
2026-05-12 17:44:13,reject_12,0,0.000088,0,1,68.93,8
2026-05-12 17:44:20,reject_12,0,0.000085,0,1,72.16,8
2026-05-12 17:44:29,reject_12,0,0.000087,0,1,72.61,8
2026-05-12 17:44:36,reject_12,0,0.000087,0,1,76.33,8
2026-05-12 17:44:44,reject_12,0,0.000087,0,1,176.24,8
2026-05-12 17:44:52,reject_12,0,0.000086,0,1,75.39,8
2026-05-12 17:45:00,reject_12,0,0.000086,0,1,78.19,8
2026-05-12 17:45:09,reject_12,0,0.000087,0,1,70.03,8
2026-05-12 17:45:16,reject_12,0,0.000087,0,1,79.15,8
2026-05-12 17:45:25,reject_12,0,0.000087,0,1,68.53,8
2026-05-12 17:45:32,reject_12,0,0.000087,0,1,71.66,8
2026-05-12 17:45:41,reject_12,0,0.000086,0,1,70,8
2026-05-12 17:45:49,reject_12,0,0.00009,0,1,70.31,8
2026-05-12 17:45:56,reject_12,0,0.000086,0,1,71.36,8
2026-05-12 17:47:15,reject_13,0,0.000095,0,1,74.97,8
2026-05-12 17:47:22,reject_13,0,0.000097,0,1,66.88,8
2026-05-12 17:47:30,reject_13,0,0.000095,0,1,71.08,8
2026-05-12 17:47:38,reject_13,0,0.000096,0,1,68.21,8
2026-05-12 17:47:46,reject_13,0,0.000096,0,1,73.65,8
2026-05-12 17:47:55,reject_13,0,0.000096,0,1,69.15,8
2026-05-12 17:48:02,reject_13,0,0.000094,0,1,77.8,8
2026-05-12 17:48:11,reject_13,0,0.000096,0,1,71.64,8
2026-05-12 17:48:18,reject_13,0,0.000098,0,1,72.69,8
2026-05-12 17:48:27,reject_13,0,0.000096,0,1,72.7,8
2026-05-12 17:48:35,reject_13,0,0.000095,0,1,73.17,8
2026-05-12 17:48:44,reject_13,0,0.000098,0,1,68.69,8
2026-05-12 17:48:52,reject_13,0,0.000096,0,1,69.35,8
2026-05-12 17:49:00,reject_13,0,0.000098,0,1,67.84,8
2026-05-12 17:49:08,reject_13,0,0.000095,0,1,175.35,8
2026-05-12 17:49:16,reject_13,0,0.000096,0,1,68.56,8
2026-05-12 17:49:23,reject_13,0,0.000097,0,1,72.27,8
2026-05-12 17:49:31,reject_13,0,0.000096,0,1,69.56,8
2026-05-12 17:49:39,reject_13,0,0.000098,0,1,120.53,8
2026-05-12 17:49:49,reject_13,0,0.000097,0,1,79.77,8
2026-05-12 17:49:56,reject_13,0,0.000097,0,1,73.78,8
2026-05-12 17:51:25,reject_15,1,0.999996,1,1,71.14,8
2026-05-12 17:51:34,reject_15,1,0.999996,1,1,72.46,8
2026-05-12 17:51:42,reject_15,1,0.999996,1,1,76.18,8
2026-05-12 17:51:50,reject_15,1,0.999996,1,1,70.12,8
2026-05-12 17:51:56,reject_15,1,0.999996,1,1,84.18,8
2026-05-12 17:52:06,reject_15,1,0.999996,1,1,73.19,8
2026-05-12 17:52:14,reject_15,1,0.425199,0,0,69.85,4
2026-05-12 17:52:22,reject_15,1,0.999996,1,1,72.13,8
2026-05-12 17:52:30,reject_15,1,0.999996,1,1,73.41,8
2026-05-12 17:52:39,reject_15,1,0.999996,1,1,77.24,8
2026-05-12 17:52:46,reject_15,1,0.999996,1,1,71.34,8
2026-05-12 17:52:54,reject_15,1,0.999996,1,1,75.76,8
2026-05-12 17:53:01,reject_15,1,0.999996,1,1,82.33,8
2026-05-12 17:53:09,reject_15,1,0.999996,1,1,87.01,8
2026-05-12 17:53:17,reject_15,1,0.999996,1,1,77.1,8
2026-05-12 17:53:25,reject_15,1,0.999996,1,1,90.86,8
2026-05-12 17:53:34,reject_15,1,0.999996,1,1,79.33,8
2026-05-12 17:53:42,reject_15,1,0.999996,1,1,82.59,8
2026-05-12 17:53:48,reject_15,1,0.999996,1,1,94.84,8
2026-05-12 17:55:10,reject_20,0,0.00013,0,1,75.18,8
2026-05-12 17:55:18,reject_20,0,0.000129,0,1,73.07,8
2026-05-12 17:55:27,reject_20,0,0.000129,0,1,73.86,8
2026-05-12 17:55:33,reject_20,0,0.000128,0,1,93.08,8
2026-05-12 17:55:43,reject_20,0,0.000128,0,1,69.95,8
2026-05-12 17:55:51,reject_20,0,0.000127,0,1,74.77,8
2026-05-12 17:55:59,reject_20,0,0.000129,0,1,73.32,8
2026-05-12 17:56:07,reject_20,0,0.00013,0,1,70.5,8
2026-05-12 17:56:13,reject_20,0,0.000131,0,1,86.42,8
2026-05-12 17:56:23,reject_20,0,0.000129,0,1,73.2,8
2026-05-12 17:56:31,reject_20,0,0.00013,0,1,199.99,8
2026-05-12 17:56:39,reject_20,0,0.000127,0,1,72.22,8
2026-05-12 17:56:51,reject_20,0,0.000129,0,1,84.76,8
2026-05-12 17:57:04,reject_20,0,0.000128,0,1,72.84,8
2026-05-12 17:57:11,reject_20,0,0.000133,0,1,73.71,8
2026-05-12 17:57:20,reject_20,0,0.00013,0,1,74.02,8
2026-05-12 17:57:27,reject_20,0,0.000129,0,1,74.47,8
2026-05-12 17:57:35,reject_20,0,0.00013,0,1,74.78,8
2026-05-12 17:57:44,reject_20,0,0.999435,1,0,87.52,1
2026-05-12 17:58:53,reject_21,0,0.000042,0,1,71.25,8
2026-05-12 17:59:00,reject_21,0,0.000041,0,1,72.66,8
2026-05-12 17:59:09,reject_21,0,0.000042,0,1,73.17,8
2026-05-12 17:59:16,reject_21,0,0.000041,0,1,71.19,8
2026-05-12 17:59:23,reject_21,0,0.000042,0,1,86.24,8
2026-05-12 17:59:33,reject_21,0,0.000041,0,1,76.12,8
2026-05-12 17:59:40,reject_21,0,0.000042,0,1,73.15,8
2026-05-12 17:59:49,reject_21,0,0.000042,0,1,76.65,8
2026-05-12 17:59:56,reject_21,0,0.000042,0,1,70.47,8
2026-05-12 18:00:05,reject_21,0,0.000041,0,1,72.77,8
2026-05-12 18:00:12,reject_21,0,0.000042,0,1,72.55,8
2026-05-12 18:00:19,reject_21,0,0.000041,0,1,92.17,8
2026-05-12 18:00:29,reject_21,0,0.000042,0,1,79.06,8
2026-05-12 18:00:37,reject_21,0,0.000041,0,1,83.71,8
2026-05-12 18:00:43,reject_21,0,0.000042,0,1,202.56,8
2026-05-12 18:00:51,reject_21,0,0.000041,0,1,91.76,8
2026-05-12 18:01:01,reject_21,0,0.000044,0,1,70.36,8
2026-05-12 18:01:09,reject_21,0,0.000041,0,1,70.58,8
2026-05-12 18:01:15,reject_21,0,0.000041,0,1,85.59,8
2026-05-12 18:02:14,reject_22,0,0.000185,0,1,80.44,8
2026-05-12 18:02:22,reject_22,0,0.00018,0,1,76.68,8
2026-05-12 18:02:31,reject_22,0,0.000182,0,1,74.61,8
2026-05-12 18:02:39,reject_22,0,0.000182,0,1,71.84,8
2026-05-12 18:02:47,reject_22,0,0.000186,0,1,72.61,8
2026-05-12 18:02:55,reject_22,0,0.000181,0,1,72.09,8
2026-05-12 18:03:01,reject_22,0,0.000185,0,1,83.55,8
2026-05-12 18:03:11,reject_22,0,0.000179,0,1,83.32,8
2026-05-12 18:03:17,reject_22,0,0.000183,0,1,79.96,8
2026-05-12 18:03:26,reject_22,0,0.000182,0,1,83.75,8
2026-05-12 18:03:34,reject_22,0,0.000181,0,1,235.15,8
2026-05-12 18:03:44,reject_22,0,0.00018,0,1,77.23,8
2026-05-12 18:03:51,reject_22,0,0.000184,0,1,73.26,8
2026-05-12 18:03:59,reject_22,0,0.000185,0,1,71.18,8
2026-05-12 18:04:08,reject_22,0,0.000182,0,1,80.36,8
2026-05-12 18:04:13,reject_22,0,0.000179,0,1,90.4,8
2026-05-12 18:04:22,reject_22,0,0.000183,0,1,73.27,8
2026-05-12 18:04:30,reject_22,0,0.00018,0,1,105.02,8
2026-05-12 18:04:40,reject_22,0,0.000181,0,1,71,8
2026-05-12 18:04:46,reject_22,0,0.000181,0,1,79.18,8
2026-05-12 18:05:55,reject_23,0,0.000024,0,1,74.34,8
2026-05-12 18:06:03,reject_23,0,0.000024,0,1,83.93,8
2026-05-12 18:06:12,reject_23,0,0.000024,0,1,73.03,8
2026-05-12 18:06:18,reject_23,0,0.000024,0,1,79.21,8
2026-05-12 18:06:27,reject_23,0,0.000024,0,1,71.38,8
2026-05-12 18:06:36,reject_23,0,0.000024,0,1,75.09,8
2026-05-12 18:06:42,reject_23,0,0.000024,0,1,85.04,8
2026-05-12 18:06:51,reject_23,0,0.000025,0,1,71.86,8
2026-05-12 18:07:00,reject_23,0,0.000024,0,1,79.8,8
2026-05-12 18:07:09,reject_23,0,0.000024,0,1,79.14,8
2026-05-12 18:07:14,reject_23,0,0.000024,0,1,242.58,8
2026-05-12 18:07:23,reject_23,0,0.000024,0,1,77.45,8
2026-05-12 18:07:31,reject_23,0,0.000025,0,1,70.48,8
2026-05-12 18:07:40,reject_23,0,0.000024,0,1,74.97,8
2026-05-12 18:07:48,reject_23,0,0.000024,0,1,79.62,8
2026-05-12 18:07:56,reject_23,0,0.000024,0,1,79.55,8
2026-05-12 18:08:05,reject_23,0,0.000024,0,1,72.67,8
2026-05-12 18:08:12,reject_23,0,0.000024,0,1,75.51,8
2026-05-12 18:08:21,reject_23,0,0.000024,0,1,72.09,8
2026-05-12 18:08:28,reject_23,0,0.000025,0,1,82.26,8
2026-05-12 18:09:24,reject_24,0,0.000028,0,1,72.27,8
2026-05-12 18:09:33,reject_24,0,0.000029,0,1,78.7,8
2026-05-12 18:09:41,reject_24,0,0.000028,0,1,71.58,8
2026-05-12 18:09:47,reject_24,0,0.000028,0,1,84.37,8
2026-05-12 18:09:55,reject_24,0,0.000028,0,1,77.29,8
2026-05-12 18:10:03,reject_24,0,0.000028,0,1,90.82,8
2026-05-12 18:10:12,reject_24,0,0.000028,0,1,82.68,8
2026-05-12 18:10:20,reject_24,0,0.000028,0,1,74.86,8
2026-05-12 18:10:29,reject_24,0,0.000027,0,1,69.41,8
2026-05-12 18:10:37,reject_24,0,0.000028,0,1,67.22,8
2026-05-12 18:10:45,reject_24,0,0.000028,0,1,173.1,8
2026-05-12 18:10:52,reject_24,0,0.000028,0,1,68.93,8
2026-05-12 18:10:59,reject_24,0,0.000027,0,1,78.74,8
2026-05-12 18:11:08,reject_24,0,0.000028,0,1,70.58,8
2026-05-12 18:11:15,reject_24,0,0.000028,0,1,72.09,8
2026-05-12 18:11:24,reject_24,0,0.000027,0,1,73.37,8
2026-05-12 18:11:31,reject_24,0,0.000027,0,1,72.7,8
2026-05-12 18:11:40,reject_24,0,0.000028,0,1,75.31,8
2026-05-12 18:11:47,reject_24,0,0.000028,0,1,75.85,8
2026-05-12 18:11:56,reject_24,0,0.000028,0,1,74.77,8
2026-05-12 18:12:40,reject_26,0,0.000032,0,1,67.33,8
2026-05-12 18:12:48,reject_26,0,0.000032,0,1,72.91,8
2026-05-12 18:12:55,reject_26,0,0.000032,0,1,72.93,8
2026-05-12 18:13:04,reject_26,0,0.000033,0,1,72.28,8
2026-05-12 18:13:13,reject_26,0,0.000032,0,1,69.42,8
2026-05-12 18:13:22,reject_26,0,0.000032,0,1,68.57,8
2026-05-12 18:13:29,reject_26,0,0.000032,0,1,68.78,8
2026-05-12 18:13:37,reject_26,0,0.000033,0,1,67.7,8
2026-05-12 18:13:44,reject_26,0,0.000032,0,1,78.05,8
2026-05-12 18:13:54,reject_26,0,0.000032,0,1,67.01,8
2026-05-12 18:14:00,reject_26,0,0.000032,0,1,67.72,8
2026-05-12 18:14:08,reject_26,0,0.000033,0,1,73.93,8
2026-05-12 18:14:16,reject_26,0,0.000032,0,1,69.29,8
2026-05-12 18:14:24,reject_26,0,0.000032,0,1,71.95,8
2026-05-12 18:14:33,reject_26,0,0.000032,0,1,179.9,8
2026-05-12 18:14:40,reject_26,0,0.000032,0,1,72.72,8
2026-05-12 18:14:49,reject_26,0,0.000032,0,1,68.54,8
2026-05-12 18:14:56,reject_26,0,0.000032,0,1,69.42,8
2026-05-12 18:15:04,reject_26,0,0.000033,0,1,70.21,8
2026-05-12 18:15:13,reject_26,0,0.000033,0,1,68.53,8
2026-05-12 18:16:01,reject_27,1,0.999986,1,1,72.91,8
2026-05-12 18:16:09,reject_27,1,0.999985,1,1,90.78,8
2026-05-12 18:16:17,reject_27,1,0.999986,1,1,67.65,8
2026-05-12 18:16:25,reject_27,1,0.999986,1,1,76.3,8
2026-05-12 18:16:35,reject_27,1,0.999986,1,1,67.87,8
2026-05-12 18:16:41,reject_27,1,0.999986,1,1,68.51,8
2026-05-12 18:16:49,reject_27,1,0.999986,1,1,78.39,8
2026-05-12 18:16:57,reject_27,1,0.999986,1,1,70.63,8
2026-05-12 18:17:05,reject_27,1,0.999986,1,1,79.39,8
2026-05-12 18:17:13,reject_27,1,0.999985,1,1,67.45,8
2026-05-12 18:17:21,reject_27,1,0.999986,1,1,194.27,8
2026-05-12 18:17:30,reject_27,1,0.999986,1,1,68.23,8
2026-05-12 18:17:37,reject_27,1,0.999986,1,1,69.83,8
2026-05-12 18:17:45,reject_27,1,0.999985,1,1,71.39,8
2026-05-12 18:17:55,reject_27,1,0.999986,1,1,66.87,8
2026-05-12 18:18:01,reject_27,1,0.999986,1,1,73.67,8
2026-05-12 18:18:10,reject_27,1,0.999986,1,1,72.87,8
2026-05-12 18:18:17,reject_27,1,0.999986,1,1,70.13,8
2026-05-12 18:18:26,reject_27,1,0.999986,1,1,67.42,8
2026-05-12 18:18:33,reject_27,1,0.999986,1,1,78.49,8
2026-05-12 18:20:04,reject_28,0,0.00002,0,1,70.09,8
2026-05-12 18:20:12,reject_28,0,0.000019,0,1,86.85,8
2026-05-12 18:20:21,reject_28,0,0.000019,0,1,70.61,8
2026-05-12 18:20:28,reject_28,0,0.000019,0,1,74.21,8
2026-05-12 18:20:37,reject_28,0,0.000019,0,1,69.59,8
2026-05-12 18:20:44,reject_28,0,0.000019,0,1,72.27,8
2026-05-12 18:20:53,reject_28,0,0.000019,0,1,68.07,8
2026-05-12 18:21:00,reject_28,0,0.000019,0,1,71.93,8
2026-05-12 18:21:08,reject_28,0,0.00002,0,1,71.93,8
2026-05-12 18:21:16,reject_28,0,0.000019,0,1,74.48,8
2026-05-12 18:21:26,reject_28,0,0.000019,0,1,178.11,8
2026-05-12 18:21:33,reject_28,0,0.000019,0,1,71.51,8
2026-05-12 18:21:40,reject_28,0,0.00002,0,1,78.94,8
2026-05-12 18:21:51,reject_28,0,0.000019,0,1,66.44,8
2026-05-12 18:21:58,reject_28,0,0.000019,0,1,70.23,8
2026-05-12 18:22:06,reject_28,0,0.000019,0,1,67.99,8
2026-05-12 18:22:13,reject_28,0,0.000019,0,1,67.52,8
2026-05-12 18:22:21,reject_28,0,0.000019,0,1,72.22,8
2026-05-12 18:22:30,reject_28,0,0.000019,0,1,66.55,8
2026-05-12 18:22:37,reject_28,0,0.000019,0,1,76.4,8
2026-05-12 18:23:41,reject_43,0,0.000028,0,1,69.03,8
2026-05-12 18:23:49,reject_43,0,0.000028,0,1,71.2,8
2026-05-12 18:23:56,reject_43,0,0.000029,0,1,73.13,8
2026-05-12 18:24:05,reject_43,0,0.000029,0,1,71.7,8
2026-05-12 18:24:12,reject_43,0,0.000028,0,1,67.38,8
2026-05-12 18:24:21,reject_43,0,0.000029,0,1,67.49,8
2026-05-12 18:24:29,reject_43,0,0.000029,0,1,73.13,8
2026-05-12 18:24:37,reject_43,0,0.000029,0,1,73.37,8
2026-05-12 18:24:45,reject_43,0,0.000028,0,1,73.22,8
2026-05-12 18:24:54,reject_43,0,0.000029,0,1,72.99,8
2026-05-12 18:25:01,reject_43,0,0.000028,0,1,70.84,8
2026-05-12 18:25:09,reject_43,0,0.000028,0,1,67.27,8
2026-05-12 18:25:17,reject_43,0,0.000028,0,1,70.82,8
2026-05-12 18:25:25,reject_43,0,0.000029,0,1,67.84,8
2026-05-12 18:25:35,reject_43,0,0.000028,0,1,174.26,8
2026-05-12 18:25:43,reject_43,0,0.000028,0,1,67.91,8
2026-05-12 18:25:51,reject_43,0,0.000028,0,1,71.54,8
2026-05-12 18:25:59,reject_43,0,0.000029,0,1,67.54,8
2026-05-12 18:26:05,reject_43,0,0.000028,0,1,73.49,8
2026-05-12 18:26:15,reject_43,0,0.000029,0,1,68.88,8
2026-05-12 18:26:21,reject_43,0,0.000029,0,1,71.06,8
2026-05-12 18:27:26,reject_65,0,0.000005,0,1,75.91,8
2026-05-12 18:27:34,reject_65,0,0.000005,0,1,66.41,8
2026-05-12 18:27:42,reject_65,0,0.000005,0,1,74.52,8
2026-05-12 18:27:52,reject_65,0,0.000005,0,1,69.87,8
2026-05-12 18:28:00,reject_65,0,0.000005,0,1,67.78,8
2026-05-12 18:28:07,reject_65,0,0.000005,0,1,69.37,8
2026-05-12 18:28:16,reject_65,0,0.000005,0,1,65.71,8
2026-05-12 18:28:22,reject_65,0,0.000005,0,1,72.76,8
2026-05-12 18:28:32,reject_65,0,0.000005,0,1,70.66,8
2026-05-12 18:28:39,reject_65,0,0.000005,0,1,69.44,8
2026-05-12 18:28:47,reject_65,0,0.000005,0,1,178.59,8
2026-05-12 18:28:55,reject_65,0,0.000005,0,1,70.2,8
2026-05-12 18:29:03,reject_65,0,0.000005,0,1,70.17,8
2026-05-12 18:29:11,reject_65,0,0.000005,0,1,67.9,8
2026-05-12 18:29:18,reject_65,0,0.000005,0,1,71.12,8
2026-05-12 18:29:27,reject_65,0,0.000005,0,1,73.42,8
2026-05-12 18:29:34,reject_65,0,0.000005,0,1,73.99,8
2026-05-12 18:29:43,reject_65,0,0.000005,0,1,71.34,8
2026-05-12 18:29:51,reject_65,0,0.000005,0,1,75.23,8
2026-05-12 18:29:59,reject_65,0,0.000005,0,1,72.36,8
2026-05-12 18:30:47,reject_67,0,0.000005,0,1,69.81,8
2026-05-12 18:30:55,reject_67,0,0.000005,0,1,81.6,8
2026-05-12 18:31:04,reject_67,0,0.000005,0,1,69.21,8
2026-05-12 18:31:11,reject_67,0,0.000005,0,1,74.45,8
2026-05-12 18:31:20,reject_67,0,0.000005,0,1,69.34,8
2026-05-12 18:31:27,reject_67,0,0.000005,0,1,67.81,8
2026-05-12 18:31:35,reject_67,0,0.000005,0,1,76.38,8
2026-05-12 18:31:43,reject_67,0,0.000005,0,1,72.92,8
2026-05-12 18:31:51,reject_67,0,0.000005,0,1,72.59,8
2026-05-12 18:32:00,reject_67,0,0.000005,0,1,76.38,8
2026-05-12 18:32:07,reject_67,0,0.000005,0,1,70.72,8
2026-05-12 18:32:17,reject_67,0,0.000005,0,1,67.35,8
2026-05-12 18:32:25,reject_67,0,0.000005,0,1,69.78,8
2026-05-12 18:32:33,reject_67,0,0.000005,0,1,67.28,8
2026-05-12 18:32:40,reject_67,0,0.000005,0,1,177.88,8
2026-05-12 18:32:49,reject_67,0,0.000005,0,1,68.73,8
2026-05-12 18:32:57,reject_67,0,0.000005,0,1,68.9,8
2026-05-12 18:33:04,reject_67,0,0.000005,0,1,76.89,8
2026-05-12 18:33:12,reject_67,0,0.000005,0,1,70.16,8
2026-05-12 18:33:20,reject_67,0,0.000005,0,1,70.36,8
2026-05-12 18:34:15,reject_69,0,0.000005,0,1,68.24,8
2026-05-12 18:34:22,reject_69,0,0.000005,0,1,73.96,8
2026-05-12 18:34:31,reject_69,0,0.000005,0,1,68.67,8
2026-05-12 18:34:38,reject_69,0,0.000005,0,1,70.18,8
2026-05-12 18:34:46,reject_69,0,0.000005,0,1,73.02,8
2026-05-12 18:34:54,reject_69,0,0.000005,0,1,76.85,8
2026-05-12 18:35:02,reject_69,0,0.000005,0,1,72.77,8
2026-05-12 18:35:12,reject_69,0,0.000005,0,1,69.16,8
2026-05-12 18:35:20,reject_69,0,0.000005,0,1,68.53,8
2026-05-12 18:35:27,reject_69,0,0.000005,0,1,71.49,8
2026-05-12 18:35:35,reject_69,0,0.000005,0,1,182.11,8
2026-05-12 18:35:43,reject_69,0,0.000005,0,1,75.41,8
2026-05-12 18:35:51,reject_69,0,0.000005,0,1,69.95,8
2026-05-12 18:35:58,reject_69,0,0.000005,0,1,70.67,8
2026-05-12 18:36:07,reject_69,0,0.000005,0,1,69.22,8
2026-05-12 18:36:14,reject_69,0,0.000005,0,1,90.11,8
2026-05-12 18:36:23,reject_69,0,0.000005,0,1,69.01,8
2026-05-12 18:36:31,reject_69,0,0.000005,0,1,75.2,8
2026-05-12 18:36:41,reject_69,0,0.000005,0,1,69.81,8
2026-05-12 18:36:47,reject_69,0,0.000005,0,1,71.42,8
2026-05-12 18:37:56,reject_71,0,0.000002,0,1,70.83,8
2026-05-12 18:38:04,reject_71,0,0.000002,0,1,77.33,8
2026-05-12 18:38:14,reject_71,0,0.000002,0,1,68.41,8
2026-05-12 18:38:22,reject_71,0,0.000002,0,1,66.89,8
2026-05-12 18:38:30,reject_71,0,0.000002,0,1,67.34,8
2026-05-12 18:38:36,reject_71,0,0.000002,0,1,73.58,8
2026-05-12 18:38:45,reject_71,0,0.000002,0,1,68.44,8
2026-05-12 18:38:52,reject_71,0,0.000002,0,1,81.64,8
2026-05-12 18:39:02,reject_71,0,0.000002,0,1,65.4,8
2026-05-12 18:39:08,reject_71,0,0.000002,0,1,70.01,8
2026-05-12 18:39:17,reject_71,0,0.000002,0,1,71.02,8
2026-05-12 18:39:24,reject_71,0,0.000002,0,1,88.45,8
2026-05-12 18:39:33,reject_71,0,0.000002,0,1,70.82,8
2026-05-12 18:39:41,reject_71,0,0.000002,0,1,68.73,8
2026-05-12 18:39:48,reject_71,0,0.000002,0,1,188.26,8
2026-05-12 18:39:57,reject_71,0,0.000004,0,1,68.87,7
2026-05-12 18:40:04,reject_71,0,0.000002,0,1,78.57,8
2026-05-12 18:40:13,reject_71,0,0.000002,0,1,73.73,8
2026-05-12 18:40:20,reject_71,0,0.000002,0,1,70.22,8
2026-05-12 18:40:29,reject_71,0,0.000002,0,1,72.37,8
2026-05-12 18:41:15,reject_72,0,0.000003,0,1,69.09,8
2026-05-12 18:41:24,reject_72,0,0.000003,0,1,68.55,8
2026-05-12 18:41:33,reject_72,0,0.000003,0,1,68.42,8
2026-05-12 18:41:39,reject_72,0,0.000003,0,1,71.58,8
2026-05-12 18:41:48,reject_72,0,0.000003,0,1,68.71,8
2026-05-12 18:41:55,reject_72,0,0.000003,0,1,77.46,8
2026-05-12 18:42:04,reject_72,0,0.000003,0,1,70.59,8
2026-05-12 18:42:11,reject_72,0,0.000003,0,1,69.06,8
2026-05-12 18:42:19,reject_72,0,0.000003,0,1,72.56,8
2026-05-12 18:42:28,reject_72,0,0.000003,0,1,67.38,8
2026-05-12 18:42:35,reject_72,0,0.000003,0,1,194.28,8
2026-05-12 18:42:44,reject_72,0,0.000003,0,1,68.72,8
2026-05-12 18:42:51,reject_72,0,0.000003,0,1,73.9,8
2026-05-12 18:43:00,reject_72,0,0.000003,0,1,69.92,8
2026-05-12 18:43:08,reject_72,0,0.000003,0,1,68.07,8
2026-05-12 18:43:16,reject_72,0,0.000003,0,1,71.46,8
2026-05-12 18:43:24,reject_72,0,0.000003,0,1,70.43,8
2026-05-12 18:43:32,reject_72,0,0.000003,0,1,71.51,8
2026-05-12 18:43:41,reject_72,0,0.000003,0,1,70.17,8
2026-05-12 18:43:48,reject_72,0,0.000003,0,1,77.06,8
2026-05-12 18:44:15,reject_73,0,0.000002,0,1,68.7,8
2026-05-12 18:44:23,reject_73,0,0.000002,0,1,75.79,8
2026-05-12 18:44:32,reject_73,0,0.000002,0,1,73.85,8
2026-05-12 18:44:39,reject_73,0,0.000002,0,1,76.84,8
2026-05-12 18:44:48,reject_73,0,0.000002,0,1,68.68,8
2026-05-12 18:44:56,reject_73,0,0.000002,0,1,71.26,8
2026-05-12 18:45:05,reject_73,0,0.000002,0,1,68.35,8
2026-05-12 18:45:12,reject_73,0,0.000002,0,1,72.16,8
2026-05-12 18:45:20,reject_73,0,0.000002,0,1,76.27,8
2026-05-12 18:45:28,reject_73,0,0.000002,0,1,67.22,8
2026-05-12 18:45:36,reject_73,0,0.000002,0,1,192.23,8
2026-05-12 18:45:44,reject_73,0,0.000002,0,1,73.56,8
2026-05-12 18:45:52,reject_73,0,0.000002,0,1,76.55,8
2026-05-12 18:46:02,reject_73,0,0.000002,0,1,67.59,8
2026-05-12 18:46:10,reject_73,0,0.000002,0,1,68.7,8
2026-05-12 18:46:17,reject_73,0,0.000002,0,1,69.97,8
2026-05-12 18:46:26,reject_73,0,0.000002,0,1,68.75,8
2026-05-12 18:46:32,reject_73,0,0.000002,0,1,70.97,8
2026-05-12 18:46:41,reject_73,0,0.000002,0,1,71.96,8
2026-05-12 18:46:48,reject_73,0,0.000002,0,1,70.51,8
2026-05-12 18:46:57,reject_73,0,0.000002,0,1,69.29,8
2026-05-12 18:47:28,reject_90,0,0.000002,0,1,71.3,8
2026-05-12 18:47:36,reject_90,0,0.999435,1,0,68.1,1
2026-05-12 18:47:43,reject_90,0,0.000002,0,1,71.63,8
2026-05-12 18:47:51,reject_90,0,0.000002,0,1,68.73,8
2026-05-12 18:48:00,reject_90,0,0.000002,0,1,68.45,8
2026-05-12 18:48:07,reject_90,0,0.000002,0,1,71.32,8
2026-05-12 18:48:15,reject_90,0,0.000002,0,1,69.43,8
2026-05-12 18:48:22,reject_90,0,0.000002,0,1,74.15,8
2026-05-12 18:48:31,reject_90,0,0.000002,0,1,68.77,8
2026-05-12 18:48:38,reject_90,0,0.000002,0,1,81.8,8
2026-05-12 18:48:47,reject_90,0,0.000002,0,1,71.41,8
2026-05-12 18:48:55,reject_90,0,0.000002,0,1,72.31,8
2026-05-12 18:49:03,reject_90,0,0.000002,0,1,72.65,8
2026-05-12 18:49:11,reject_90,0,0.000002,0,1,71.01,8
2026-05-12 18:49:18,reject_90,0,0.000002,0,1,79.59,8
2026-05-12 18:49:27,reject_90,0,0.000002,0,1,68.76,8
2026-05-12 18:49:35,reject_90,0,0.000002,0,1,76.73,8
2026-05-12 18:49:43,reject_90,0,0.000002,0,1,72.96,8
2026-05-12 18:49:51,reject_90,0,0.000002,0,1,71.91,8
2026-05-12 18:50:00,reject_90,0,0.000002,0,1,78.7,8
2026-05-12 18:51:10,reject_91,0,0.000004,0,1,73.09,8
2026-05-12 18:51:18,reject_91,0,0.000004,0,1,80.37,8
2026-05-12 18:51:27,reject_91,0,0.000004,0,1,69.07,8
2026-05-12 18:51:34,reject_91,0,0.000004,0,1,73.75,8
2026-05-12 18:51:42,reject_91,0,0.000004,0,1,79.88,8
2026-05-12 18:51:51,reject_91,0,0.000003,0,1,69.36,8
2026-05-12 18:51:59,reject_91,0,0.000004,0,1,69.7,8
2026-05-12 18:52:08,reject_91,0,0.000003,0,1,69.39,8
2026-05-12 18:52:14,reject_91,0,0.000004,0,1,73.32,8
2026-05-12 18:52:23,reject_91,0,0.000004,0,1,70.6,8
2026-05-12 18:52:31,reject_91,0,0.000004,0,1,83.16,8
2026-05-12 18:52:39,reject_91,0,0.000003,0,1,67.84,8
2026-05-12 18:52:48,reject_91,0,0.000003,0,1,69.11,8
2026-05-12 18:52:54,reject_91,0,0.000003,0,1,78.23,8
2026-05-12 18:53:04,reject_91,0,0.000004,0,1,170.66,8
2026-05-12 18:53:11,reject_91,0,0.000004,0,1,69.73,8
2026-05-12 18:53:19,reject_91,0,0.000004,0,1,74.61,8
2026-05-12 18:53:28,reject_91,0,0.000004,0,1,71.14,8
2026-05-12 18:53:37,reject_91,0,0.000004,0,1,67.54,8
2026-05-12 18:53:43,reject_91,0,0.000004,0,1,76.44,8
2026-05-12 18:54:18,reject_92,0,0.000003,0,1,77.52,8
2026-05-12 18:54:26,reject_92,0,0.000003,0,1,75.94,8
2026-05-12 18:54:34,reject_92,0,0.000003,0,1,67.65,8
2026-05-12 18:54:42,reject_92,0,0.000003,0,1,69.56,8
2026-05-12 18:54:50,reject_92,0,0.000003,0,1,77.18,8
2026-05-12 18:54:58,reject_92,0,0.000003,0,1,70.27,8
2026-05-12 18:55:06,reject_92,0,0.000003,0,1,75.95,8
2026-05-12 18:55:14,reject_92,0,0.000003,0,1,67.52,8
2026-05-12 18:55:22,reject_92,0,0.000003,0,1,74.12,8
2026-05-12 18:55:30,reject_92,0,0.000003,0,1,74.31,8
2026-05-12 18:55:38,reject_92,0,0.000003,0,1,68.37,8
2026-05-12 18:55:46,reject_92,0,0.000003,0,1,78.28,8
2026-05-12 18:55:54,reject_92,0,0.000003,0,1,68.07,8
2026-05-12 18:56:02,reject_92,0,0.000003,0,1,75.67,8
2026-05-12 18:56:11,reject_92,0,0.000003,0,1,172.64,8
2026-05-12 18:56:18,reject_92,0,0.000003,0,1,73.69,8
2026-05-12 18:56:27,reject_92,0,0.000003,0,1,73.4,8
2026-05-12 18:56:35,reject_92,0,0.000003,0,1,68.38,8
2026-05-12 18:56:42,reject_92,0,0.000003,0,1,74.4,8
2026-05-12 18:56:51,reject_92,0,0.000003,0,1,73.55,8
2026-05-12 19:00:41,benign,0,0.000183,0,1,87.44,22
2026-05-12 19:00:45,benign,0,0.000183,0,1,76.13,22
2026-05-12 19:00:50,benign,0,0.000183,0,1,81.08,24
2026-05-12 19:01:02,benign,0,0.000122,0,1,68.97,25
2026-05-12 19:03:27,benign,0,0.000309,0,1,77.69,19
2026-05-12 19:03:31,benign,0,0.000345,0,1,75.25,22
2026-05-12 19:03:38,benign,0,0.00028,0,1,69.68,21
2026-05-12 19:04:24,benign,0,0.000123,0,1,83.17,32
2026-05-12 19:04:28,benign,0,0.999332,1,0,68.53,3
2026-05-12 19:04:34,benign,0,0.000305,0,1,69.67,19
2026-05-12 19:04:38,benign,0,0.00034,0,1,79.43,22
2026-05-12 19:04:44,benign,0,0.000306,0,1,72.46,19
2026-05-12 19:06:21,authentication_reject,1,0.99997,1,1,67.94,10
2026-05-12 19:06:38,authentication_reject,1,0.999969,1,1,82.54,10
2026-05-12 19:06:46,authentication_reject,1,0.99997,1,1,74.01,10
2026-05-12 19:06:59,authentication_reject,1,0.99997,1,1,68.53,10
2026-05-12 19:07:09,authentication_reject,1,0.99997,1,1,72.78,10
2026-05-12 19:07:22,authentication_reject,1,0.999969,1,1,67.99,10
2026-05-12 19:07:31,authentication_reject,1,0.99997,1,1,71.97,10
2026-05-12 19:07:42,authentication_reject,1,0.99997,1,1,76.66,10
2026-05-12 19:07:54,authentication_reject,1,0.99997,1,1,73.97,10
2026-05-12 19:08:04,authentication_reject,1,0.999969,1,1,79.07,10
2026-05-12 19:08:15,authentication_reject,1,0.99997,1,1,74.62,10
2026-05-12 19:08:28,authentication_reject,1,0.99997,1,1,74.05,10
2026-05-12 19:08:39,authentication_reject,1,0.99997,1,1,74.47,10
2026-05-12 19:08:50,authentication_reject,1,0.99997,1,1,69.53,10
2026-05-12 19:09:01,authentication_reject,1,0.99997,1,1,69.24,10
2026-05-12 19:09:13,authentication_reject,1,0.99997,1,1,75.47,10
2026-05-12 19:09:23,authentication_reject,1,0.99997,1,1,71.66,10
2026-05-12 19:09:34,authentication_reject,1,0.99997,1,1,72.1,10
2026-05-12 19:09:45,authentication_reject,1,0.99997,1,1,74.83,10
2026-05-12 19:09:56,authentication_reject,1,0.999969,1,1,74.6,10
2026-05-12 19:10:06,authentication_reject,1,0.99997,1,1,69.59,10
2026-05-12 19:10:16,authentication_reject,1,0.99997,1,1,84.85,10
2026-05-12 19:10:27,authentication_reject,1,0.99997,1,1,78.15,10
2026-05-12 19:10:39,authentication_reject,1,0.99997,1,1,76.63,10
2026-05-12 19:10:51,authentication_reject,1,0.99997,1,1,72.82,10
2026-05-12 19:11:03,authentication_reject,1,0.99997,1,1,73.2,10
2026-05-12 19:11:22,authentication_reject,1,0.99997,1,1,85.55,10
