Session_Name,Sequence_Number
reject_cause_27_36,1
reject_cause_90_12,2
reject_cause_71_14,3
reject_cause_10_12,4
reject_cause_90_9,5
reject_cause_24_15,6
reject_cause_11_8,7
reject_cause_11_10,8
reject_cause_27_20,9
reject_cause_11_4,10
reject_cause_90_5,11
reject_cause_71_5,12
reject_cause_26_5,13
reject_cause_3_21,14
reject_cause_26_12,15
reject_cause_69_7,16
reject_cause_92_3,17
reject_cause_28_9,18
reject_cause_65_16,19
benign_42,20
reject_cause_90_15,21
reject_cause_12_16,22
reject_cause_73_9,23
reject_cause_11_20,24
reject_cause_27_40,25
reject_cause_11_31,26
reject_cause_11_29,27
reject_cause_27_32,28
reject_cause_91_3,29
reject_cause_27_31,30
reject_cause_13_13,31
benign_21,32
reject_cause_11_35,33
reject_cause_12_14,34
benign_17,35
reject_cause_7_27,36
benign_18,37
reject_cause_71_19,38
reject_cause_65_20,39
benign_23,40
reject_cause_10_7,41
reject_cause_24_2,42
reject_cause_11_15,43
auth_reject_41,44
reject_cause_26_10,45
reject_cause_6_13,46
reject_cause_72_6,47
reject_cause_26_19,48
reject_cause_12_2,49
reject_cause_69_18,50
reject_cause_22_6,51
reject_cause_91_7,52
benign_14,53
reject_cause_15_20,54
reject_cause_27_25,55
reject_cause_92_9,56
reject_cause_13_1,57
reject_cause_28_1,58
reject_cause_6_19,59
benign_31,60
auth_reject_24,61
reject_cause_71_17,62
auth_reject_18,63
reject_cause_21_17,64
benign_7,65
reject_cause_72_2,66
reject_cause_7_23,67
reject_cause_22_3,68
benign_4,69
reject_cause_9_20,70
reject_cause_65_3,71
reject_cause_15_18,72
benign_25,73
reject_cause_26_21,74
benign_19,75
reject_cause_65_1,76
reject_cause_65_11,77
reject_cause_28_13,78
reject_cause_23_7,79
reject_cause_73_18,80
reject_cause_28_7,81
reject_cause_23_9,82
reject_cause_69_2,83
auth_reject_4,84
reject_cause_11_16,85
reject_cause_71_4,86
reject_cause_20_6,87
reject_cause_15_32,88
reject_cause_7_9,89
reject_cause_11_34,90
reject_cause_15_22,91
reject_cause_9_19,92
reject_cause_22_12,93
auth_reject_14,94
reject_cause_22_9,95
benign_35,96
reject_cause_91_17,97
reject_cause_27_27,98
reject_cause_7_1,99
reject_cause_73_5,100
reject_cause_90_20,101
reject_cause_15_12,102
reject_cause_11_42,103
auth_reject_15,104
reject_cause_91_16,105
reject_cause_7_43,106
reject_cause_27_3,107
reject_cause_6_10,108
reject_cause_15_15,109
reject_cause_6_8,110
reject_cause_90_13,111
auth_reject_36,112
benign_11,113
reject_cause_7_39,114
reject_cause_10_3,115
reject_cause_11_32,116
reject_cause_21_18,117
reject_cause_28_6,118
reject_cause_72_18,119
reject_cause_6_1,120
reject_cause_69_19,121
reject_cause_11_2,122
auth_reject_38,123
reject_cause_22_19,124
reject_cause_20_7,125
benign_48,126
reject_cause_15_40,127
reject_cause_72_9,128
benign_24,129
reject_cause_11_5,130
benign_45,131
reject_cause_23_13,132
reject_cause_90_10,133
reject_cause_67_20,134
reject_cause_3_14,135
reject_cause_65_9,136
reject_cause_7_13,137
reject_cause_91_9,138
reject_cause_7_30,139
reject_cause_72_16,140
reject_cause_26_4,141
reject_cause_15_8,142
reject_cause_15_14,143
reject_cause_9_16,144
reject_cause_90_11,145
reject_cause_20_12,146
reject_cause_92_8,147
reject_cause_11_12,148
reject_cause_23_12,149
reject_cause_69_11,150
reject_cause_13_4,151
reject_cause_23_20,152
benign_46,153
auth_reject_11,154
reject_cause_11_38,155
reject_cause_71_2,156
reject_cause_20_17,157
reject_cause_24_22,158
reject_cause_24_5,159
reject_cause_43_9,160
reject_cause_21_2,161
reject_cause_7_31,162
reject_cause_27_13,163
reject_cause_92_11,164
reject_cause_73_20,165
reject_cause_23_18,166
reject_cause_90_19,167
reject_cause_69_3,168
reject_cause_72_7,169
reject_cause_43_16,170
reject_cause_13_7,171
reject_cause_20_2,172
benign_50,173
benign_60,174
reject_cause_7_20,175
reject_cause_7_3,176
reject_cause_27_6,177
reject_cause_71_20,178
auth_reject_33,179
reject_cause_6_5,180
reject_cause_91_5,181
reject_cause_43_3,182
reject_cause_92_16,183
reject_cause_43_15,184
reject_cause_15_28,185
reject_cause_69_10,186
reject_cause_92_12,187
reject_cause_21_15,188
reject_cause_72_10,189
reject_cause_13_14,190
reject_cause_43_18,191
reject_cause_67_18,192
reject_cause_67_16,193
reject_cause_15_34,194
reject_cause_9_7,195
reject_cause_27_5,196
reject_cause_7_19,197
reject_cause_91_12,198
reject_cause_15_17,199
reject_cause_6_3,200
reject_cause_71_6,201
reject_cause_28_5,202
reject_cause_15_26,203
reject_cause_23_2,204
benign_30,205
reject_cause_92_14,206
reject_cause_28_18,207
reject_cause_22_10,208
reject_cause_9_10,209
auth_reject_6,210
reject_cause_27_11,211
reject_cause_9_6,212
reject_cause_43_13,213
benign_49,214
reject_cause_23_16,215
reject_cause_69_16,216
reject_cause_11_27,217
auth_reject_45,218
reject_cause_3_10,219
reject_cause_27_21,220
reject_cause_22_2,221
reject_cause_92_4,222
reject_cause_43_4,223
reject_cause_13_8,224
reject_cause_9_5,225
reject_cause_27_1,226
reject_cause_21_4,227
reject_cause_21_16,228
reject_cause_24_1,229
reject_cause_13_18,230
reject_cause_6_18,231
reject_cause_27_30,232
reject_cause_26_2,233
reject_cause_28_8,234
reject_cause_24_20,235
reject_cause_20_9,236
auth_reject_39,237
reject_cause_15_33,238
reject_cause_71_12,239
reject_cause_67_10,240
reject_cause_27_44,241
reject_cause_26_14,242
reject_cause_23_19,243
reject_cause_22_20,244
reject_cause_11_33,245
reject_cause_43_5,246
reject_cause_65_12,247
reject_cause_65_7,248
benign_54,249
auth_reject_28,250
reject_cause_69_15,251
reject_cause_92_5,252
reject_cause_71_16,253
reject_cause_27_26,254
reject_cause_65_17,255
reject_cause_24_17,256
reject_cause_21_7,257
reject_cause_27_2,258
reject_cause_10_11,259
reject_cause_9_15,260
reject_cause_27_43,261
reject_cause_43_11,262
reject_cause_15_44,263
reject_cause_67_1,264
auth_reject_8,265
reject_cause_11_21,266
reject_cause_11_40,267
reject_cause_69_14,268
reject_cause_20_18,269
reject_cause_90_7,270
reject_cause_23_6,271
reject_cause_11_44,272
reject_cause_28_4,273
reject_cause_7_33,274
reject_cause_72_19,275
reject_cause_22_5,276
reject_cause_24_6,277
reject_cause_43_8,278
reject_cause_9_17,279
auth_reject_12,280
reject_cause_65_13,281
reject_cause_72_4,282
reject_cause_91_13,283
benign_22,284
reject_cause_15_27,285
reject_cause_15_39,286
reject_cause_43_14,287
reject_cause_73_8,288
reject_cause_90_14,289
reject_cause_73_6,290
reject_cause_11_9,291
reject_cause_15_29,292
reject_cause_22_16,293
reject_cause_24_12,294
reject_cause_12_7,295
reject_cause_92_2,296
reject_cause_11_18,297
reject_cause_13_5,298
reject_cause_11_26,299
reject_cause_22_8,300
auth_reject_34,301
reject_cause_13_10,302
reject_cause_13_20,303
reject_cause_26_3,304
reject_cause_27_34,305
reject_cause_23_4,306
reject_cause_9_9,307
reject_cause_27_28,308
reject_cause_20_5,309
reject_cause_9_14,310
reject_cause_24_18,311
reject_cause_69_6,312
reject_cause_12_19,313
benign_20,314
reject_cause_24_19,315
reject_cause_12_18,316
reject_cause_12_11,317
reject_cause_92_15,318
reject_cause_11_17,319
reject_cause_73_11,320
reject_cause_92_13,321
reject_cause_3_8,322
reject_cause_23_1,323
benign_57,324
reject_cause_27_41,325
reject_cause_91_1,326
reject_cause_23_11,327
reject_cause_73_12,328
reject_cause_23_14,329
reject_cause_21_6,330
auth_reject_35,331
reject_cause_7_24,332
reject_cause_7_12,333
reject_cause_10_4,334
reject_cause_73_2,335
reject_cause_72_8,336
reject_cause_71_13,337
benign_26,338
reject_cause_3_20,339
reject_cause_10_5,340
benign_44,341
reject_cause_27_16,342
reject_cause_90_18,343
reject_cause_3_9,344
reject_cause_24_25,345
reject_cause_3_4,346
reject_cause_9_11,347
reject_cause_12_10,348
reject_cause_20_3,349
reject_cause_65_8,350
reject_cause_10_14,351
reject_cause_22_18,352
reject_cause_91_4,353
benign_3,354
reject_cause_15_19,355
reject_cause_11_6,356
reject_cause_27_19,357
reject_cause_92_19,358
benign_33,359
auth_reject_7,360
reject_cause_27_10,361
reject_cause_28_2,362
reject_cause_6_16,363
reject_cause_65_6,364
reject_cause_69_12,365
reject_cause_72_3,366
reject_cause_27_12,367
reject_cause_13_15,368
reject_cause_65_10,369
reject_cause_21_12,370
reject_cause_20_8,371
reject_cause_90_8,372
reject_cause_6_20,373
benign_59,374
reject_cause_11_14,375
reject_cause_71_18,376
reject_cause_10_16,377
benign_58,378
reject_cause_67_2,379
reject_cause_72_12,380
reject_cause_3_5,381
reject_cause_67_3,382
reject_cause_71_8,383
reject_cause_27_45,384
reject_cause_67_15,385
reject_cause_65_14,386
reject_cause_21_3,387
reject_cause_69_20,388
reject_cause_3_2,389
reject_cause_15_2,390
auth_reject_42,391
reject_cause_21_13,392
reject_cause_23_17,393
reject_cause_20_13,394
reject_cause_92_1,395
reject_cause_22_7,396
reject_cause_72_15,397
auth_reject_17,398
reject_cause_28_20,399
reject_cause_92_10,400
reject_cause_3_17,401
reject_cause_71_9,402
benign_56,403
reject_cause_43_1,404
reject_cause_65_19,405
reject_cause_15_4,406
benign_13,407
benign_43,408
reject_cause_6_6,409
reject_cause_72_5,410
auth_reject_3,411
reject_cause_21_20,412
reject_cause_67_11,413
reject_cause_67_5,414
reject_cause_15_38,415
reject_cause_24_10,416
reject_cause_91_20,417
reject_cause_20_10,418
reject_cause_90_17,419
reject_cause_69_8,420
reject_cause_67_4,421
reject_cause_7_10,422
reject_cause_20_20,423
reject_cause_27_14,424
reject_cause_3_1,425
reject_cause_43_10,426
reject_cause_43_19,427
reject_cause_67_17,428
reject_cause_27_18,429
reject_cause_11_37,430
reject_cause_65_18,431
benign_28,432
reject_cause_9_1,433
reject_cause_90_3,434
reject_cause_20_14,435
reject_cause_43_12,436
reject_cause_10_1,437
reject_cause_24_14,438
reject_cause_13_9,439
reject_cause_67_7,440
benign_40,441
reject_cause_43_6,442
benign_41,443
reject_cause_7_34,444
reject_cause_73_16,445
benign_47,446
reject_cause_28_3,447
reject_cause_90_16,448
reject_cause_11_11,449
auth_reject_50,450
reject_cause_73_17,451
reject_cause_11_45,452
reject_cause_26_7,453
reject_cause_43_2,454
reject_cause_92_6,455
auth_reject_53,456
reject_cause_21_9,457
reject_cause_27_39,458
benign_38,459
reject_cause_3_19,460
reject_cause_6_17,461
reject_cause_7_40,462
benign_36,463
reject_cause_9_4,464
reject_cause_21_19,465
reject_cause_12_6,466
reject_cause_10_8,467
reject_cause_28_11,468
reject_cause_27_7,469
auth_reject_27,470
reject_cause_27_24,471
reject_cause_91_18,472
reject_cause_6_15,473
reject_cause_69_17,474
reject_cause_15_5,475
reject_cause_15_30,476
reject_cause_26_15,477
auth_reject_1,478
reject_cause_71_3,479
auth_reject_22,480
auth_reject_5,481
reject_cause_23_8,482
benign_10,483
reject_cause_11_28,484
reject_cause_12_12,485
reject_cause_7_35,486
auth_reject_52,487
auth_reject_46,488
reject_cause_73_4,489
reject_cause_13_17,490
reject_cause_11_13,491
auth_reject_19,492
reject_cause_24_16,493
reject_cause_12_13,494
reject_cause_20_1,495
reject_cause_73_15,496
reject_cause_6_7,497
reject_cause_91_15,498
benign_52,499
reject_cause_92_17,500
auth_reject_32,501
reject_cause_73_1,502
reject_cause_15_7,503
reject_cause_67_14,504
reject_cause_7_7,505
benign_55,506
reject_cause_7_6,507
reject_cause_15_23,508
auth_reject_13,509
reject_cause_72_14,510
reject_cause_26_1,511
reject_cause_10_6,512
reject_cause_28_17,513
reject_cause_15_9,514
reject_cause_11_22,515
reject_cause_23_15,516
reject_cause_15_11,517
reject_cause_21_11,518
reject_cause_7_21,519
auth_reject_16,520
reject_cause_27_33,521
reject_cause_28_16,522
reject_cause_13_19,523
reject_cause_67_9,524
reject_cause_72_13,525
reject_cause_10_10,526
reject_cause_12_9,527
benign_6,528
reject_cause_91_19,529
reject_cause_72_20,530
auth_reject_49,531
reject_cause_69_4,532
reject_cause_73_3,533
reject_cause_7_17,534
reject_cause_12_5,535
reject_cause_23_3,536
reject_cause_72_17,537
auth_reject_2,538
reject_cause_28_10,539
reject_cause_91_6,540
reject_cause_20_4,541
reject_cause_24_3,542
reject_cause_11_1,543
reject_cause_3_7,544
reject_cause_26_6,545
reject_cause_9_8,546
auth_reject_47,547
reject_cause_67_19,548
reject_cause_15_41,549
reject_cause_10_17,550
reject_cause_15_42,551
benign_9,552
reject_cause_10_2,553
benign_16,554
reject_cause_7_22,555
reject_cause_26_18,556
benign_29,557
reject_cause_67_8,558
reject_cause_15_1,559
reject_cause_26_13,560
reject_cause_28_15,561
reject_cause_20_11,562
reject_cause_90_4,563
auth_reject_10,564
reject_cause_90_1,565
reject_cause_15_24,566
reject_cause_15_21,567
reject_cause_65_2,568
reject_cause_24_13,569
reject_cause_11_23,570
reject_cause_15_37,571
reject_cause_73_14,572
auth_reject_20,573
reject_cause_15_3,574
reject_cause_22_17,575
auth_reject_40,576
reject_cause_91_8,577
reject_cause_20_19,578
reject_cause_20_16,579
auth_reject_25,580
reject_cause_10_18,581
reject_cause_92_18,582
reject_cause_12_15,583
reject_cause_27_4,584
reject_cause_15_6,585
reject_cause_26_9,586
benign_8,587
reject_cause_26_8,588
reject_cause_65_15,589
reject_cause_6_12,590
reject_cause_11_39,591
benign_27,592
reject_cause_92_20,593
reject_cause_67_12,594
benign_1,595
auth_reject_23,596
auth_reject_31,597
reject_cause_22_13,598
reject_cause_6_4,599
reject_cause_15_13,600
reject_cause_7_28,601
reject_cause_7_38,602
reject_cause_43_7,603
reject_cause_13_16,604
reject_cause_9_2,605
reject_cause_23_10,606
reject_cause_9_13,607
reject_cause_27_37,608
benign_12,609
reject_cause_27_23,610
reject_cause_22_1,611
reject_cause_73_7,612
reject_cause_27_38,613
reject_cause_7_8,614
reject_cause_7_15,615
reject_cause_27_17,616
reject_cause_27_42,617
reject_cause_13_6,618
benign_2,619
auth_reject_44,620
reject_cause_28_19,621
auth_reject_21,622
reject_cause_91_2,623
reject_cause_15_10,624
reject_cause_71_11,625
reject_cause_71_15,626
reject_cause_10_13,627
reject_cause_11_36,628
reject_cause_7_16,629
reject_cause_7_18,630
reject_cause_21_5,631
reject_cause_13_2,632
benign_53,633
reject_cause_12_20,634
reject_cause_92_7,635
reject_cause_9_3,636
reject_cause_21_1,637
reject_cause_7_26,638
reject_cause_27_35,639
reject_cause_72_1,640
reject_cause_11_24,641
reject_cause_73_19,642
reject_cause_11_25,643
reject_cause_3_11,644
auth_reject_30,645
reject_cause_7_29,646
reject_cause_28_14,647
reject_cause_7_42,648
reject_cause_3_13,649
reject_cause_21_14,650
reject_cause_91_10,651
reject_cause_71_7,652
reject_cause_9_12,653
reject_cause_24_24,654
reject_cause_65_4,655
auth_reject_9,656
reject_cause_24_23,657
reject_cause_10_15,658
reject_cause_3_16,659
reject_cause_72_11,660
reject_cause_65_5,661
reject_cause_7_36,662
reject_cause_26_17,663
benign_61,664
reject_cause_67_13,665
reject_cause_24_8,666
auth_reject_48,667
reject_cause_15_36,668
reject_cause_3_18,669
reject_cause_71_1,670
reject_cause_91_14,671
reject_cause_22_15,672
reject_cause_7_5,673
auth_reject_26,674
reject_cause_22_4,675
reject_cause_27_22,676
reject_cause_11_7,677
reject_cause_10_20,678
reject_cause_15_43,679
reject_cause_3_15,680
reject_cause_24_21,681
reject_cause_69_5,682
reject_cause_6_2,683
reject_cause_22_14,684
reject_cause_6_14,685
reject_cause_15_31,686
reject_cause_90_6,687
reject_cause_7_14,688
reject_cause_27_9,689
reject_cause_13_11,690
reject_cause_7_32,691
reject_cause_12_1,692
reject_cause_43_17,693
reject_cause_26_16,694
reject_cause_27_15,695
benign_51,696
reject_cause_10_19,697
reject_cause_23_5,698
reject_cause_11_19,699
reject_cause_6_11,700
reject_cause_15_16,701
reject_cause_15_25,702
reject_cause_43_20,703
auth_reject_43,704
reject_cause_10_9,705
reject_cause_6_9,706
reject_cause_20_15,707
auth_reject_29,708
reject_cause_91_11,709
benign_5,710
reject_cause_3_12,711
reject_cause_11_43,712
reject_cause_69_13,713
reject_cause_69_9,714
reject_cause_12_8,715
reject_cause_71_10,716
reject_cause_12_3,717
reject_cause_7_41,718
reject_cause_67_6,719
reject_cause_24_4,720
reject_cause_21_8,721
reject_cause_7_2,722
reject_cause_69_1,723
reject_cause_7_37,724
reject_cause_27_8,725
reject_cause_22_11,726
benign_15,727
reject_cause_3_6,728
reject_cause_11_3,729
reject_cause_90_2,730
reject_cause_24_9,731
reject_cause_73_10,732
reject_cause_7_4,733
reject_cause_7_11,734
reject_cause_15_45,735
reject_cause_7_25,736
reject_cause_24_11,737
auth_reject_51,738
benign_34,739
reject_cause_11_41,740
reject_cause_9_18,741
reject_cause_26_20,742
reject_cause_24_7,743
reject_cause_12_4,744
benign_37,745
benign_39,746
reject_cause_73_13,747
reject_cause_11_30,748
reject_cause_12_17,749
auth_reject_37,750
reject_cause_27_29,751
reject_cause_13_12,752
reject_cause_21_10,753
reject_cause_26_11,754
reject_cause_28_12,755
reject_cause_3_3,756
benign_32,757
reject_cause_13_3,758
reject_cause_15_35,759
